<pagescount>
	<total_html_pages>2</total_html_pages>
	<html>2</html>
	<img>11</img>
	<js>10</js>
	<css>2</css>
	<pdf>0</pdf>
	<xml>0</xml>
	<txt>0</txt>
	<fonts>5</fonts>
	<is_pretty_url>false</is_pretty_url>
	<is_ebn>false</is_ebn>
	<theme_name>WDO_theme</theme_name>
	<server_url_front_page>https://www.waybackmachinedownloader.com/website-downloader-online/scraping/files/live/generatebitcoinsonline.online_rotsenmondoy_yahoo.com_b2pt8n6m3z0</server_url_front_page>
	<hosted_domain>hosted_domain</hosted_domain>
</pagescount>